{
  "base_model": "nvidia/NVIDIA-Nemotron-3-Nano-30B-A3B-BF16",
  "lora_rank": 8,
  "learning_rate": 2e-05,
  "batch_size": 8,
  "epochs_trained": 3,
  "tinker_uri": "1731a955-6aca-5d6a-a18f-b3914a1e4b47:train:0",
  "test_accuracy": 0.7158613445378151,
  "test_macro_f1": 0.717079829300925,
  "train_loss_history": [
    0.7318744447317209,
    0.41993982514014117,
    0.11701562183411993
  ],
  "val_loss_history": [
    0.6057903979494753,
    0.44019902112490156,
    0.47384662076344813
  ]
}